{"cameraMode":{"drawMode":0,"name":"Shaded","section":"Shading Mode"},"sceneLighting":false,"audioPlay":false,"sceneViewState":{"showFog":true,"showMaterialUpdate":false,"showSkybox":false,"showFlares":true,"showImageEffects":true,"showParticleSystems":true},"in2DMode":false,"pivot":{"x":10.316638946533204,"y":-27.44032859802246,"z":15.534945487976075},"rotation":{"x":0.2476271539926529,"y":0.7266117334365845,"z":-0.32604777812957766,"w":0.5517736077308655},"size":29.46417808532715,"orthographic":false}