{"cameraMode":{"drawMode":0,"name":"Shaded","section":"Shading Mode"},"sceneLighting":false,"audioPlay":false,"sceneViewState":{"showFog":true,"showMaterialUpdate":false,"showSkybox":false,"showFlares":true,"showImageEffects":true,"showParticleSystems":true},"in2DMode":false,"pivot":{"x":21.37589454650879,"y":-10.866433143615723,"z":28.566513061523439},"rotation":{"x":0.15958109498023988,"y":0.3001106381416321,"z":-0.05095955356955528,"w":0.9391006231307983},"size":19.008047103881837,"orthographic":false}