{"cameraMode":{"drawMode":0,"name":"Shaded","section":"Shading Mode"},"sceneLighting":false,"audioPlay":false,"sceneViewState":{"showFog":true,"showMaterialUpdate":false,"showSkybox":false,"showFlares":true,"showImageEffects":true,"showParticleSystems":true},"in2DMode":false,"pivot":{"x":9.481525421142579,"y":-11.432955741882325,"z":-5.160089492797852},"rotation":{"x":0.05984475463628769,"y":0.9227445125579834,"z":-0.15962813794612885,"w":0.34572485089302065},"size":19.468149185180665,"orthographic":false}