{"cameraMode":{"drawMode":0,"name":"Shaded","section":"Shading Mode"},"sceneLighting":true,"audioPlay":false,"sceneViewState":{"showFog":true,"showMaterialUpdate":false,"showSkybox":true,"showFlares":true,"showImageEffects":true,"showParticleSystems":true},"in2DMode":false,"pivot":{"x":1.2839882373809815,"y":1.3936251401901246,"z":1.3267686367034913},"rotation":{"x":0.3268372118473053,"y":-0.17826209962368012,"z":0.06295006722211838,"w":0.9260011315345764},"size":2.9191393852233888,"orthographic":false}